<?xml version="1.0" encoding="UTF-8"?><InteractionHistory Id="local-7" Version="1"><InteractionEvent Delta="null" EndDate="2014-11-01 15:16:09.121 EDT" Interest="11.134" Kind="propagation" Navigation="org.eclipse.mylyn.core.model.edges.containment" OriginId="org.eclipse.mylyn.core.model.interest.propagation" StartDate="2014-11-01 15:03:00.420 EDT" StructureHandle="=Minecraft/src\/main\/java&amp;lt;com.ezreb{Infinite_Diamond.java" StructureKind="java" NumEvents="16" CreationCount="2"/><InteractionEvent Delta="null" EndDate="2014-11-01 15:17:53.221 EDT" Interest="6.0" Kind="selection" Navigation="null" OriginId="org.eclipse.jdt.ui.CompilationUnitEditor" StartDate="2014-11-01 15:16:55.853 EDT" StructureHandle="=Minecraft/src\/main\/java&amp;lt;com.ezreb{Infinite_Diamond.java" StructureKind="java" NumEvents="6" CreationCount="2"/><InteractionEvent Delta="null" EndDate="2014-11-01 15:02:38.359 EDT" Interest="0.7" Kind="propagation" Navigation="org.eclipse.mylyn.core.model.edges.containment" OriginId="org.eclipse.mylyn.core.model.interest.propagation" StartDate="2014-11-01 15:02:38.359 EDT" StructureHandle="=Minecraft/src\/main\/resources" StructureKind="java"/><InteractionEvent Delta="null" EndDate="2014-11-01 15:17:53.288 EDT" Interest="17.134" Kind="propagation" Navigation="org.eclipse.mylyn.core.model.edges.containment" OriginId="org.eclipse.mylyn.core.model.interest.propagation" StartDate="2014-11-01 15:03:00.422 EDT" StructureHandle="=Minecraft/src\/main\/java" StructureKind="java" NumEvents="24" CreationCount="2"/><InteractionEvent Delta="null" EndDate="2014-11-01 15:17:53.288 EDT" Interest="29.0" Kind="propagation" Navigation="org.eclipse.mylyn.core.model.edges.containment" OriginId="org.eclipse.mylyn.core.model.interest.propagation" StartDate="2014-11-01 15:03:00.419 EDT" StructureHandle="/Minecraft/src/main/java/com" StructureKind="resource" NumEvents="29" CreationCount="2"/><InteractionEvent Delta="null" EndDate="2014-11-01 15:02:38.359 EDT" Interest="1.0" Kind="propagation" Navigation="null" OriginId="org.eclipse.ui.DefaultTextEditor" StartDate="2014-11-01 15:02:38.359 EDT" StructureHandle="/Minecraft/src/main/resources" StructureKind="resource"/><InteractionEvent Delta="null" EndDate="2014-11-01 15:17:53.288 EDT" Interest="29.034" Kind="propagation" Navigation="org.eclipse.mylyn.core.model.edges.containment" OriginId="org.eclipse.mylyn.core.model.interest.propagation" StartDate="2014-11-01 15:02:38.360 EDT" StructureHandle="/Minecraft/src/main" StructureKind="resource" NumEvents="30" CreationCount="0"/><InteractionEvent Delta="null" EndDate="2014-11-01 15:17:53.287 EDT" Interest="29.0" Kind="propagation" Navigation="null" OriginId="org.eclipse.jdt.ui.CompilationUnitEditor" StartDate="2014-11-01 15:03:00.418 EDT" StructureHandle="/Minecraft/src/main/java/com/ezreb/Infinite_Diamond.java" StructureKind="resource" NumEvents="29" CreationCount="2"/><InteractionEvent Delta="null" EndDate="2014-11-01 15:17:53.288 EDT" Interest="29.034" Kind="propagation" Navigation="org.eclipse.mylyn.core.model.edges.containment" OriginId="org.eclipse.mylyn.core.model.interest.propagation" StartDate="2014-11-01 15:02:38.360 EDT" StructureHandle="/Minecraft/src" StructureKind="resource" NumEvents="30" CreationCount="0"/><InteractionEvent Delta="null" EndDate="2014-11-01 15:17:53.288 EDT" Interest="29.034" Kind="propagation" Navigation="org.eclipse.mylyn.core.model.edges.containment" OriginId="org.eclipse.mylyn.core.model.interest.propagation" StartDate="2014-11-01 15:02:38.360 EDT" StructureHandle="/" StructureKind="resource" NumEvents="30" CreationCount="0"/><InteractionEvent Delta="null" EndDate="2014-11-01 15:17:53.288 EDT" Interest="17.134" Kind="propagation" Navigation="org.eclipse.mylyn.core.model.edges.containment" OriginId="org.eclipse.mylyn.core.model.interest.propagation" StartDate="2014-11-01 15:03:00.421 EDT" StructureHandle="=Minecraft/src\/main\/java&amp;lt;com.ezreb" StructureKind="java" NumEvents="25" CreationCount="2"/><InteractionEvent Delta="null" EndDate="2014-11-01 15:17:53.288 EDT" Interest="29.034" Kind="propagation" Navigation="org.eclipse.mylyn.core.model.edges.containment" OriginId="org.eclipse.mylyn.core.model.interest.propagation" StartDate="2014-11-01 15:02:38.360 EDT" StructureHandle="=Minecraft" StructureKind="resource" NumEvents="30" CreationCount="0"/><InteractionEvent Delta="null" EndDate="2014-11-01 15:03:06.741 EDT" Interest="2.0" Kind="edit" Navigation="null" OriginId="org.eclipse.jdt.ui.CompilationUnitEditor" StartDate="2014-11-01 15:03:00.416 EDT" StructureHandle="=Minecraft/src\/main\/java&amp;lt;com.ezreb{Infinite_Diamond.java[Infinite_Diamond^item10" StructureKind="java" NumEvents="2" CreationCount="2"/><InteractionEvent Delta="null" EndDate="2014-11-01 15:02:38.358 EDT" Interest="1.0" Kind="edit" Navigation="null" OriginId="org.eclipse.ui.DefaultTextEditor" StartDate="2014-11-01 15:02:38.358 EDT" StructureHandle="/Minecraft/src/main/resources/mcmod.info" StructureKind="resource"/><InteractionEvent Delta="null" EndDate="2014-11-01 15:17:53.288 EDT" Interest="29.0" Kind="propagation" Navigation="org.eclipse.mylyn.core.model.edges.containment" OriginId="org.eclipse.mylyn.core.model.interest.propagation" StartDate="2014-11-01 15:03:00.419 EDT" StructureHandle="/Minecraft/src/main/java/com/ezreb" StructureKind="resource" NumEvents="29" CreationCount="2"/><InteractionEvent Delta="null" EndDate="2014-11-01 15:17:53.288 EDT" Interest="29.0" Kind="propagation" Navigation="org.eclipse.mylyn.core.model.edges.containment" OriginId="org.eclipse.mylyn.core.model.interest.propagation" StartDate="2014-11-01 15:03:00.419 EDT" StructureHandle="/Minecraft/src/main/java" StructureKind="resource" NumEvents="29" CreationCount="2"/><InteractionEvent Delta="null" EndDate="2014-11-01 15:17:53.287 EDT" Interest="15.334" Kind="propagation" Navigation="org.eclipse.mylyn.core.model.edges.containment" OriginId="org.eclipse.mylyn.core.model.interest.propagation" StartDate="2014-11-01 15:03:00.418 EDT" StructureHandle="=Minecraft/src\/main\/java&amp;lt;com.ezreb{Infinite_Diamond.java[Infinite_Diamond" StructureKind="java" NumEvents="22" CreationCount="2"/><InteractionEvent Delta="null" EndDate="2014-11-01 15:17:53.287 EDT" Interest="19.0" Kind="edit" Navigation="null" OriginId="org.eclipse.jdt.ui.CompilationUnitEditor" StartDate="2014-11-01 15:04:04.592 EDT" StructureHandle="=Minecraft/src\/main\/java&amp;lt;com.ezreb{Infinite_Diamond.java[Infinite_Diamond~init~QFMLInitializationEvent;" StructureKind="java" NumEvents="19" CreationCount="4"/><InteractionEvent Delta="null" EndDate="2014-11-01 15:16:09.120 EDT" Interest="2.0" Kind="selection" Navigation="null" OriginId="org.eclipse.jdt.ui.PackageExplorer" StartDate="2014-11-01 15:04:01.999 EDT" StructureHandle="=Minecraft/src\/main\/java&amp;lt;com.ezreb{Infinite_Diamond.java[Infinite_Diamond~init~QFMLInitializationEvent;" StructureKind="java" NumEvents="2" CreationCount="4"/></InteractionHistory>