<?xml version="1.0" encoding="UTF-8"?><InteractionHistory Id="local-13" Version="1"><InteractionEvent Delta="null" EndDate="2014-11-01 15:48:57.498 EDT" Interest="136.017" Kind="propagation" Navigation="org.eclipse.mylyn.core.model.edges.containment" OriginId="org.eclipse.mylyn.core.model.interest.propagation" StartDate="2014-11-01 15:39:07.88 EDT" StructureHandle="" StructureKind="java" NumEvents="138" CreationCount="1"/><InteractionEvent Delta="null" EndDate="2014-11-01 15:48:21.786 EDT" Interest="1.0" Kind="propagation" Navigation="org.eclipse.mylyn.core.model.edges.containment" OriginId="org.eclipse.mylyn.core.model.interest.propagation" StartDate="2014-11-01 15:48:21.786 EDT" StructureHandle="/Minecraft/eclipse/saves" StructureKind="resource"/><InteractionEvent Delta="null" EndDate="2014-11-01 15:46:24.46 EDT" Interest="43.034" Kind="propagation" Navigation="org.eclipse.mylyn.core.model.edges.containment" OriginId="org.eclipse.mylyn.core.model.interest.propagation" StartDate="2014-11-01 15:39:24.694 EDT" StructureHandle="=Minecraft/src\/main\/java" StructureKind="java" NumEvents="60" CreationCount="2"/><InteractionEvent Delta="null" EndDate="2014-11-01 15:47:16.164 EDT" Interest="12.0" Kind="propagation" Navigation="null" OriginId="org.eclipse.jdt.ui.CompilationUnitEditor" StartDate="2014-11-01 15:46:45.436 EDT" StructureHandle="/Minecraft/src/main/java/com/ezreb/SuperDiamondShard.java" StructureKind="resource" NumEvents="12" CreationCount="119"/><InteractionEvent Delta="null" EndDate="2014-11-01 15:47:45.750 EDT" Interest="1.0" Kind="propagation" Navigation="org.eclipse.mylyn.core.model.edges.containment" OriginId="org.eclipse.mylyn.core.model.interest.propagation" StartDate="2014-11-01 15:47:45.750 EDT" StructureHandle="/Minecraft/eclipse" StructureKind="resource"/><InteractionEvent Delta="null" EndDate="2014-11-01 15:47:16.163 EDT" Interest="8.0" Kind="edit" Navigation="null" OriginId="org.eclipse.jdt.ui.CompilationUnitEditor" StartDate="2014-11-01 15:46:55.273 EDT" StructureHandle="=Minecraft/src\/main\/java&amp;lt;com.ezreb{SuperDiamondShard.java[SuperDiamondShard~SuperDiamondShard~I~QCreativeTabs;" StructureKind="java" NumEvents="8" CreationCount="121"/><InteractionEvent Delta="null" EndDate="2014-11-01 15:46:54.410 EDT" Interest="1.0" Kind="selection" Navigation="null" OriginId="org.eclipse.jdt.ui.CompilationUnitEditor" StartDate="2014-11-01 15:46:54.410 EDT" StructureHandle="=Minecraft/src\/main\/java&amp;lt;com.ezreb{SuperDiamondShard.java[SuperDiamondShard~SuperDiamondShard~I" StructureKind="java"/><InteractionEvent Delta="null" EndDate="2014-11-01 15:48:57.497 EDT" Interest="58.0" Kind="propagation" Navigation="null" OriginId="org.eclipse.jdt.ui.CompilationUnitEditor" StartDate="2014-11-01 15:40:03.121 EDT" StructureHandle="/Minecraft/src/main/java/com/ezreb/Infinite_Diamond.java" StructureKind="resource" NumEvents="58" CreationCount="10"/><InteractionEvent Delta="null" EndDate="2014-11-01 15:47:49.321 EDT" Interest="1.0" Kind="prediction" Navigation="null" OriginId="org.eclipse.mylyn.resources.ui.interest.updater" StartDate="2014-11-01 15:47:49.321 EDT" StructureHandle="/Minecraft/eclipse/logs/latest.log" StructureKind="resource"/><InteractionEvent Delta="null" EndDate="2014-11-01 15:47:49.323 EDT" Interest="1.0" Kind="propagation" Navigation="null" OriginId="org.eclipse.mylyn.resources.ui.interest.updater" StartDate="2014-11-01 15:47:49.323 EDT" StructureHandle="/Minecraft/eclipse/logs/2014-11-01-3.log.gz" StructureKind="resource"/><InteractionEvent Delta="null" EndDate="2014-11-01 15:46:24.45 EDT" Interest="67.0" Kind="propagation" Navigation="null" OriginId="org.eclipse.jdt.ui.CompilationUnitEditor" StartDate="2014-11-01 15:39:24.694 EDT" StructureHandle="/Minecraft/src/main/java/com/ezreb/SuperDiamond.java" StructureKind="resource" NumEvents="67" CreationCount="2"/><InteractionEvent Delta="null" EndDate="2014-11-01 15:48:57.497 EDT" Interest="135.017" Kind="propagation" Navigation="org.eclipse.mylyn.core.model.edges.containment" OriginId="org.eclipse.mylyn.core.model.interest.propagation" StartDate="2014-11-01 15:39:24.694 EDT" StructureHandle="=Minecraft" StructureKind="resource" NumEvents="137" CreationCount="1"/><InteractionEvent Delta="null" EndDate="2014-11-01 15:39:07.88 EDT" Interest="1.0" Kind="selection" Navigation="null" OriginId="org.eclipse.jdt.ui.PackageExplorer" StartDate="2014-11-01 15:39:07.88 EDT" StructureHandle="=Minecraft" StructureKind="java"/><InteractionEvent Delta="null" EndDate="2014-11-01 15:48:21.785 EDT" Interest="1.0" Kind="prediction" Navigation="null" OriginId="org.eclipse.mylyn.resources.ui.interest.updater" StartDate="2014-11-01 15:48:21.785 EDT" StructureHandle="/Minecraft/eclipse/saves/Test World/session.lock" StructureKind="resource"/><InteractionEvent Delta="null" EndDate="2014-11-01 15:47:16.164 EDT" Interest="4.6340003" Kind="propagation" Navigation="org.eclipse.mylyn.core.model.edges.containment" OriginId="org.eclipse.mylyn.core.model.interest.propagation" StartDate="2014-11-01 15:47:04.626 EDT" StructureHandle="=Minecraft/src\/main\/java&amp;lt;com.ezreb{SuperDiamondShard.java" StructureKind="java" NumEvents="7" CreationCount="119"/><InteractionEvent Delta="null" EndDate="2014-11-01 15:46:45.618 EDT" Interest="2.0" Kind="selection" Navigation="null" OriginId="org.eclipse.jdt.ui.CompilationUnitEditor" StartDate="2014-11-01 15:46:45.436 EDT" StructureHandle="=Minecraft/src\/main\/java&amp;lt;com.ezreb{SuperDiamondShard.java" StructureKind="java" NumEvents="2" CreationCount="119"/><InteractionEvent Delta="null" EndDate="2014-11-01 15:48:57.498 EDT" Interest="137.0" Kind="propagation" Navigation="org.eclipse.mylyn.core.model.edges.containment" OriginId="org.eclipse.mylyn.core.model.interest.propagation" StartDate="2014-11-01 15:39:24.694 EDT" StructureHandle="/Minecraft/src/main/java" StructureKind="resource" NumEvents="137" CreationCount="2"/><InteractionEvent Delta="null" EndDate="2014-11-01 15:48:57.497 EDT" Interest="15.743999" Kind="propagation" Navigation="org.eclipse.mylyn.core.model.edges.containment" OriginId="org.eclipse.mylyn.core.model.interest.propagation" StartDate="2014-11-01 15:43:42.203 EDT" StructureHandle="=Minecraft/src\/main\/java&amp;lt;com.ezreb{Infinite_Diamond.java" StructureKind="java" NumEvents="25" CreationCount="10"/><InteractionEvent Delta="null" EndDate="2014-11-01 15:47:18.83 EDT" Interest="10.0" Kind="selection" Navigation="null" OriginId="org.eclipse.jdt.ui.CompilationUnitEditor" StartDate="2014-11-01 15:40:03.121 EDT" StructureHandle="=Minecraft/src\/main\/java&amp;lt;com.ezreb{Infinite_Diamond.java" StructureKind="java" NumEvents="10" CreationCount="10"/><InteractionEvent Delta="null" EndDate="2014-11-01 15:47:45.750 EDT" Interest="1.0" Kind="propagation" Navigation="org.eclipse.mylyn.core.model.edges.containment" OriginId="org.eclipse.mylyn.core.model.interest.propagation" StartDate="2014-11-01 15:47:45.750 EDT" StructureHandle="/Minecraft/eclipse/logs" StructureKind="resource"/><InteractionEvent Delta="null" EndDate="2014-11-01 15:46:24.46 EDT" Interest="35.034" Kind="propagation" Navigation="org.eclipse.mylyn.core.model.edges.containment" OriginId="org.eclipse.mylyn.core.model.interest.propagation" StartDate="2014-11-01 15:39:33.402 EDT" StructureHandle="=Minecraft/src\/main\/java&amp;lt;com.ezreb{SuperDiamond.java" StructureKind="java" NumEvents="51" CreationCount="2"/><InteractionEvent Delta="null" EndDate="2014-11-01 15:45:21.511 EDT" Interest="8.0" Kind="selection" Navigation="null" OriginId="org.eclipse.jdt.ui.CompilationUnitEditor" StartDate="2014-11-01 15:39:24.694 EDT" StructureHandle="=Minecraft/src\/main\/java&amp;lt;com.ezreb{SuperDiamond.java" StructureKind="java" NumEvents="8" CreationCount="2"/><InteractionEvent Delta="null" EndDate="2014-11-01 15:48:57.498 EDT" Interest="137.0" Kind="propagation" Navigation="org.eclipse.mylyn.core.model.edges.containment" OriginId="org.eclipse.mylyn.core.model.interest.propagation" StartDate="2014-11-01 15:39:24.694 EDT" StructureHandle="/Minecraft/src/main/java/com" StructureKind="resource" NumEvents="137" CreationCount="2"/><InteractionEvent Delta="null" EndDate="2014-11-01 15:48:57.498 EDT" Interest="143.0" Kind="propagation" Navigation="null" OriginId="org.eclipse.jdt.ui.CompilationUnitEditor" StartDate="2014-11-01 15:39:07.88 EDT" StructureHandle="/Minecraft" StructureKind="resource" NumEvents="143" CreationCount="1"/><InteractionEvent Delta="null" EndDate="2014-11-01 15:45:10.135 EDT" Interest="1.0" Kind="edit" Navigation="null" OriginId="org.eclipse.jdt.ui.CompilationUnitEditor" StartDate="2014-11-01 15:45:10.135 EDT" StructureHandle="=Minecraft/src\/main\/java&amp;lt;com.ezreb{Infinite_Diamond.java[Infinite_Diamond~init~QFMLInitializationEvent;" StructureKind="java"/><InteractionEvent Delta="null" EndDate="2014-11-01 15:45:03.897 EDT" Interest="2.0" Kind="selection" Navigation="null" OriginId="org.eclipse.jdt.ui.CompilationUnitEditor" StartDate="2014-11-01 15:43:08.318 EDT" StructureHandle="=Minecraft/src\/main\/java&amp;lt;com.ezreb{Infinite_Diamond.java[Infinite_Diamond~init~QFMLInitializationEvent;" StructureKind="java" NumEvents="2" CreationCount="41"/><InteractionEvent Delta="null" EndDate="2014-11-01 15:48:29.151 EDT" Interest="1.0" Kind="prediction" Navigation="null" OriginId="org.eclipse.mylyn.resources.ui.interest.updater" StartDate="2014-11-01 15:48:29.151 EDT" StructureHandle="/Minecraft/eclipse/options.txt" StructureKind="resource"/><InteractionEvent Delta="null" EndDate="2014-11-01 15:44:33.251 EDT" Interest="13.0" Kind="edit" Navigation="null" OriginId="org.eclipse.jdt.ui.CompilationUnitEditor" StartDate="2014-11-01 15:44:04.715 EDT" StructureHandle="=Minecraft/src\/main\/java&amp;lt;com.ezreb{Infinite_Diamond.java[Infinite_Diamond~preInit~QFMLPreInitializationEvent;[~getTabIconItem" StructureKind="java" NumEvents="13" CreationCount="42"/><InteractionEvent Delta="null" EndDate="2014-11-01 15:46:25.928 EDT" Interest="4.0" Kind="selection" Navigation="null" OriginId="org.eclipse.jdt.ui.CompilationUnitEditor" StartDate="2014-11-01 15:43:15.30 EDT" StructureHandle="=Minecraft/src\/main\/java&amp;lt;com.ezreb{Infinite_Diamond.java[Infinite_Diamond~preInit~QFMLPreInitializationEvent;[~getTabIconItem" StructureKind="java" NumEvents="4" CreationCount="42"/><InteractionEvent Delta="null" EndDate="2014-11-01 15:48:57.498 EDT" Interest="137.0" Kind="propagation" Navigation="org.eclipse.mylyn.core.model.edges.containment" OriginId="org.eclipse.mylyn.core.model.interest.propagation" StartDate="2014-11-01 15:39:24.694 EDT" StructureHandle="/Minecraft/src/main" StructureKind="resource" NumEvents="137" CreationCount="2"/><InteractionEvent Delta="null" EndDate="2014-11-01 15:47:16.164 EDT" Interest="6.6" Kind="propagation" Navigation="org.eclipse.mylyn.core.model.edges.containment" OriginId="org.eclipse.mylyn.core.model.interest.propagation" StartDate="2014-11-01 15:46:54.410 EDT" StructureHandle="=Minecraft/src\/main\/java&amp;lt;com.ezreb{SuperDiamondShard.java[SuperDiamondShard" StructureKind="java" NumEvents="9" CreationCount="121"/><InteractionEvent Delta="null" EndDate="2014-11-01 15:48:57.498 EDT" Interest="137.0" Kind="propagation" Navigation="org.eclipse.mylyn.core.model.edges.containment" OriginId="org.eclipse.mylyn.core.model.interest.propagation" StartDate="2014-11-01 15:39:24.694 EDT" StructureHandle="/Minecraft/src" StructureKind="resource" NumEvents="137" CreationCount="2"/><InteractionEvent Delta="null" EndDate="2014-11-01 15:48:57.498 EDT" Interest="143.0" Kind="propagation" Navigation="org.eclipse.mylyn.core.model.edges.containment" OriginId="org.eclipse.mylyn.core.model.interest.propagation" StartDate="2014-11-01 15:39:07.88 EDT" StructureHandle="/" StructureKind="resource" NumEvents="143" CreationCount="1"/><InteractionEvent Delta="null" EndDate="2014-11-01 15:46:24.46 EDT" Interest="43.034" Kind="propagation" Navigation="org.eclipse.mylyn.core.model.edges.containment" OriginId="org.eclipse.mylyn.core.model.interest.propagation" StartDate="2014-11-01 15:39:24.694 EDT" StructureHandle="=Minecraft/src\/main\/java&amp;lt;com.ezreb" StructureKind="java" NumEvents="60" CreationCount="2"/><InteractionEvent Delta="null" EndDate="2014-11-01 15:46:24.45 EDT" Interest="42.0" Kind="propagation" Navigation="org.eclipse.mylyn.core.model.edges.containment" OriginId="org.eclipse.mylyn.core.model.interest.propagation" StartDate="2014-11-01 15:39:31.457 EDT" StructureHandle="=Minecraft/src\/main\/java&amp;lt;com.ezreb{SuperDiamond.java[SuperDiamond" StructureKind="java" NumEvents="57" CreationCount="4"/><InteractionEvent Delta="null" EndDate="2014-11-01 15:45:25.403 EDT" Interest="1.0" Kind="selection" Navigation="null" OriginId="org.eclipse.jdt.ui.CompilationUnitEditor" StartDate="2014-11-01 15:45:25.403 EDT" StructureHandle="=Minecraft/src\/main\/java&amp;lt;com.ezreb{SuperDiamond.java[SuperDiamond" StructureKind="java"/><InteractionEvent Delta="null" EndDate="2014-11-01 15:46:24.45 EDT" Interest="50.0" Kind="edit" Navigation="null" OriginId="org.eclipse.jdt.ui.CompilationUnitEditor" StartDate="2014-11-01 15:39:32.412 EDT" StructureHandle="=Minecraft/src\/main\/java&amp;lt;com.ezreb{SuperDiamond.java[SuperDiamond~SuperDiamond~QCreativeTabs;" StructureKind="java" NumEvents="50" CreationCount="4"/><InteractionEvent Delta="null" EndDate="2014-11-01 15:46:20.250 EDT" Interest="8.0" Kind="selection" Navigation="null" OriginId="org.eclipse.jdt.ui.CompilationUnitEditor" StartDate="2014-11-01 15:39:31.457 EDT" StructureHandle="=Minecraft/src\/main\/java&amp;lt;com.ezreb{SuperDiamond.java[SuperDiamond~SuperDiamond~QCreativeTabs;" StructureKind="java" NumEvents="8" CreationCount="4"/><InteractionEvent Delta="null" EndDate="2014-11-01 15:47:45.749 EDT" Interest="1.0" Kind="prediction" Navigation="null" OriginId="org.eclipse.mylyn.resources.ui.interest.updater" StartDate="2014-11-01 15:47:45.749 EDT" StructureHandle="/Minecraft/eclipse/logs/fml-client-latest.log" StructureKind="resource"/><InteractionEvent Delta="null" EndDate="2014-11-01 15:48:57.498 EDT" Interest="137.0" Kind="propagation" Navigation="null" OriginId="org.eclipse.jdt.ui.CompilationUnitEditor" StartDate="2014-11-01 15:39:24.694 EDT" StructureHandle="/Minecraft/src/main/java/com/ezreb" StructureKind="resource" NumEvents="137" CreationCount="2"/><InteractionEvent Delta="null" EndDate="2014-11-01 15:48:21.786 EDT" Interest="1.0" Kind="propagation" Navigation="org.eclipse.mylyn.core.model.edges.containment" OriginId="org.eclipse.mylyn.core.model.interest.propagation" StartDate="2014-11-01 15:48:21.786 EDT" StructureHandle="/Minecraft/eclipse/saves/Test World" StructureKind="resource"/><InteractionEvent Delta="null" EndDate="2014-11-01 15:48:57.495 EDT" Interest="25.387" Kind="propagation" Navigation="org.eclipse.mylyn.core.model.edges.containment" OriginId="org.eclipse.mylyn.core.model.interest.propagation" StartDate="2014-11-01 15:40:57.342 EDT" StructureHandle="=Minecraft/src\/main\/java&amp;lt;com.ezreb{Infinite_Diamond.java[Infinite_Diamond" StructureKind="java" NumEvents="33" CreationCount="31"/><InteractionEvent Delta="null" EndDate="2014-11-01 15:44:33.252 EDT" Interest="4.087" Kind="propagation" Navigation="org.eclipse.mylyn.core.model.edges.containment" OriginId="org.eclipse.mylyn.core.model.interest.propagation" StartDate="2014-11-01 15:44:14.581 EDT" StructureHandle="=Minecraft/src\/main\/java&amp;lt;com.ezreb{Infinite_Diamond.java[Infinite_Diamond~preInit~QFMLPreInitializationEvent;" StructureKind="java" NumEvents="6" CreationCount="31"/><InteractionEvent Delta="null" EndDate="2014-11-01 15:48:57.495 EDT" Interest="19.0" Kind="edit" Navigation="null" OriginId="org.eclipse.jdt.ui.CompilationUnitEditor" StartDate="2014-11-01 15:43:29.903 EDT" StructureHandle="=Minecraft/src\/main\/java&amp;lt;com.ezreb{Infinite_Diamond.java[Infinite_Diamond~preInit~QFMLPreInitializationEvent;" StructureKind="java" NumEvents="19" CreationCount="31"/><InteractionEvent Delta="null" EndDate="2014-11-01 15:47:18.138 EDT" Interest="8.0" Kind="selection" Navigation="null" OriginId="org.eclipse.jdt.ui.CompilationUnitEditor" StartDate="2014-11-01 15:40:57.342 EDT" StructureHandle="=Minecraft/src\/main\/java&amp;lt;com.ezreb{Infinite_Diamond.java[Infinite_Diamond~preInit~QFMLPreInitializationEvent;" StructureKind="java" NumEvents="8" CreationCount="31"/></InteractionHistory>