<?xml version="1.0" encoding="UTF-8"?><InteractionHistory Id="local-8" Version="1"><InteractionEvent Delta="null" EndDate="2014-11-01 15:05:31.246 EDT" Interest="3.0170002" Kind="propagation" Navigation="org.eclipse.mylyn.core.model.edges.containment" OriginId="org.eclipse.mylyn.core.model.interest.propagation" StartDate="2014-11-01 15:04:24.200 EDT" StructureHandle="" StructureKind="java" NumEvents="4" CreationCount="1"/><InteractionEvent Delta="null" EndDate="2014-11-01 15:06:19.969 EDT" Interest="1.0" Kind="propagation" Navigation="org.eclipse.mylyn.core.model.edges.containment" OriginId="org.eclipse.mylyn.core.model.interest.propagation" StartDate="2014-11-01 15:06:19.969 EDT" StructureHandle="/Minecraft/eclipse/saves" StructureKind="resource"/><InteractionEvent Delta="null" EndDate="2014-11-01 15:04:28.969 EDT" Interest="2.0" Kind="propagation" Navigation="org.eclipse.mylyn.core.model.edges.containment" OriginId="org.eclipse.mylyn.core.model.interest.propagation" StartDate="2014-11-01 15:04:28.739 EDT" StructureHandle="=Minecraft/src\/main\/java" StructureKind="java" NumEvents="2" CreationCount="2"/><InteractionEvent Delta="null" EndDate="2014-11-01 15:06:19.968 EDT" Interest="1.0" Kind="propagation" Navigation="null" OriginId="org.eclipse.mylyn.resources.ui.interest.updater" StartDate="2014-11-01 15:06:19.968 EDT" StructureHandle="/Minecraft/eclipse/saves/Test World/region/r.0.-1.mca" StructureKind="resource"/><InteractionEvent Delta="null" EndDate="2014-11-01 15:05:38.191 EDT" Interest="1.0" Kind="prediction" Navigation="null" OriginId="org.eclipse.mylyn.resources.ui.interest.updater" StartDate="2014-11-01 15:05:38.191 EDT" StructureHandle="/Minecraft/eclipse/config/forgeChunkLoading.cfg" StructureKind="resource"/><InteractionEvent Delta="null" EndDate="2014-11-01 15:05:38.192 EDT" Interest="1.0" Kind="propagation" Navigation="org.eclipse.mylyn.core.model.edges.containment" OriginId="org.eclipse.mylyn.core.model.interest.propagation" StartDate="2014-11-01 15:05:38.192 EDT" StructureHandle="/Minecraft/eclipse" StructureKind="resource"/><InteractionEvent Delta="null" EndDate="2014-11-01 15:06:36.857 EDT" Interest="1.0" Kind="propagation" Navigation="null" OriginId="org.eclipse.mylyn.resources.ui.interest.updater" StartDate="2014-11-01 15:06:36.857 EDT" StructureHandle="/Minecraft/eclipse/saves/Test World/DIM-1/data/villages.dat" StructureKind="resource"/><InteractionEvent Delta="null" EndDate="2014-11-01 15:06:36.856 EDT" Interest="1.0" Kind="propagation" Navigation="null" OriginId="org.eclipse.mylyn.resources.ui.interest.updater" StartDate="2014-11-01 15:06:36.856 EDT" StructureHandle="/Minecraft/eclipse/saves/Test World/DIM1/forcedchunks.dat" StructureKind="resource"/><InteractionEvent Delta="null" EndDate="2014-11-01 15:06:19.969 EDT" Interest="1.0" Kind="propagation" Navigation="null" OriginId="org.eclipse.mylyn.resources.ui.interest.updater" StartDate="2014-11-01 15:06:19.969 EDT" StructureHandle="/Minecraft/eclipse/saves/Test World/region/r.-1.-1.mca" StructureKind="resource"/><InteractionEvent Delta="null" EndDate="2014-11-01 15:05:31.244 EDT" Interest="2.0170002" Kind="propagation" Navigation="org.eclipse.mylyn.core.model.edges.containment" OriginId="org.eclipse.mylyn.core.model.interest.propagation" StartDate="2014-11-01 15:04:28.738 EDT" StructureHandle="=Minecraft" StructureKind="resource" NumEvents="3" CreationCount="1"/><InteractionEvent Delta="null" EndDate="2014-11-01 15:04:24.200 EDT" Interest="1.0" Kind="selection" Navigation="null" OriginId="org.eclipse.jdt.ui.PackageExplorer" StartDate="2014-11-01 15:04:24.200 EDT" StructureHandle="=Minecraft" StructureKind="java"/><InteractionEvent Delta="null" EndDate="2014-11-01 15:05:38.192 EDT" Interest="1.0" Kind="propagation" Navigation="org.eclipse.mylyn.core.model.edges.containment" OriginId="org.eclipse.mylyn.core.model.interest.propagation" StartDate="2014-11-01 15:05:38.192 EDT" StructureHandle="/Minecraft/eclipse/config" StructureKind="resource"/><InteractionEvent Delta="null" EndDate="2014-11-01 15:06:54.327 EDT" Interest="1.0" Kind="propagation" Navigation="null" OriginId="org.eclipse.mylyn.resources.ui.interest.updater" StartDate="2014-11-01 15:06:54.327 EDT" StructureHandle="/Minecraft/eclipse/saves/Test World/stats" StructureKind="resource"/><InteractionEvent Delta="null" EndDate="2014-11-01 15:06:36.858 EDT" Interest="1.0" Kind="propagation" Navigation="org.eclipse.mylyn.core.model.edges.containment" OriginId="org.eclipse.mylyn.core.model.interest.propagation" StartDate="2014-11-01 15:06:36.858 EDT" StructureHandle="/Minecraft/eclipse/saves/Test World/data" StructureKind="resource"/><InteractionEvent Delta="null" EndDate="2014-11-01 15:06:19.969 EDT" Interest="1.0" Kind="propagation" Navigation="org.eclipse.mylyn.core.model.edges.containment" OriginId="org.eclipse.mylyn.core.model.interest.propagation" StartDate="2014-11-01 15:06:19.969 EDT" StructureHandle="/Minecraft/eclipse/saves/Test World/DIM-1" StructureKind="resource"/><InteractionEvent Delta="null" EndDate="2014-11-01 15:04:28.968 EDT" Interest="2.0" Kind="selection" Navigation="null" OriginId="org.eclipse.jdt.ui.CompilationUnitEditor" StartDate="2014-11-01 15:04:28.738 EDT" StructureHandle="=Minecraft/src\/main\/java&amp;lt;com.ezreb{Infinite_Diamond.java" StructureKind="java" NumEvents="2" CreationCount="2"/><InteractionEvent Delta="null" EndDate="2014-11-01 15:05:31.244 EDT" Interest="3.0" Kind="propagation" Navigation="org.eclipse.mylyn.core.model.edges.containment" OriginId="org.eclipse.mylyn.core.model.interest.propagation" StartDate="2014-11-01 15:04:28.738 EDT" StructureHandle="/Minecraft/src/main/java/com" StructureKind="resource" NumEvents="3" CreationCount="2"/><InteractionEvent Delta="null" EndDate="2014-11-01 15:06:19.969 EDT" Interest="1.0" Kind="propagation" Navigation="org.eclipse.mylyn.core.model.edges.containment" OriginId="org.eclipse.mylyn.core.model.interest.propagation" StartDate="2014-11-01 15:06:19.969 EDT" StructureHandle="/Minecraft/eclipse/saves/Test World/DIM1" StructureKind="resource"/><InteractionEvent Delta="null" EndDate="2014-11-01 15:06:36.840 EDT" Interest="1.0" Kind="prediction" Navigation="null" OriginId="org.eclipse.mylyn.resources.ui.interest.updater" StartDate="2014-11-01 15:06:36.840 EDT" StructureHandle="/Minecraft/eclipse/saves/Test World/level.dat" StructureKind="resource"/><InteractionEvent Delta="null" EndDate="2014-11-01 15:06:36.857 EDT" Interest="1.0" Kind="propagation" Navigation="null" OriginId="org.eclipse.mylyn.resources.ui.interest.updater" StartDate="2014-11-01 15:06:36.857 EDT" StructureHandle="/Minecraft/eclipse/saves/Test World/level.dat_old" StructureKind="resource"/><InteractionEvent Delta="null" EndDate="2014-11-01 15:06:54.330 EDT" Interest="1.0" Kind="propagation" Navigation="null" OriginId="org.eclipse.mylyn.resources.ui.interest.updater" StartDate="2014-11-01 15:06:54.330 EDT" StructureHandle="/Minecraft/eclipse/options.txt" StructureKind="resource"/><InteractionEvent Delta="null" EndDate="2014-11-01 15:05:31.244 EDT" Interest="3.0" Kind="propagation" Navigation="org.eclipse.mylyn.core.model.edges.containment" OriginId="org.eclipse.mylyn.core.model.interest.propagation" StartDate="2014-11-01 15:04:28.738 EDT" StructureHandle="/Minecraft/src" StructureKind="resource" NumEvents="3" CreationCount="2"/><InteractionEvent Delta="null" EndDate="2014-11-01 15:07:45.775 EDT" Interest="29.0" Kind="propagation" Navigation="org.eclipse.mylyn.core.model.edges.containment" OriginId="org.eclipse.mylyn.core.model.interest.propagation" StartDate="2014-11-01 15:04:24.200 EDT" StructureHandle="/" StructureKind="resource" NumEvents="29" CreationCount="1"/><InteractionEvent Delta="null" EndDate="2014-11-01 15:06:19.968 EDT" Interest="1.0" Kind="propagation" Navigation="null" OriginId="org.eclipse.mylyn.resources.ui.interest.updater" StartDate="2014-11-01 15:06:19.968 EDT" StructureHandle="/Minecraft/eclipse/saves/Test World/region/r.0.0.mca" StructureKind="resource"/><InteractionEvent Delta="null" EndDate="2014-11-01 15:06:36.856 EDT" Interest="1.0" Kind="propagation" Navigation="null" OriginId="org.eclipse.mylyn.resources.ui.interest.updater" StartDate="2014-11-01 15:06:36.856 EDT" StructureHandle="/Minecraft/eclipse/saves/Test World/data/Mineshaft.dat" StructureKind="resource"/><InteractionEvent Delta="null" EndDate="2014-11-01 15:07:45.770 EDT" Interest="1.0" Kind="prediction" Navigation="null" OriginId="org.eclipse.mylyn.resources.ui.interest.updater" StartDate="2014-11-01 15:07:45.770 EDT" StructureHandle="/Minecraft/eclipse/logs/fml-client-latest.log" StructureKind="resource"/><InteractionEvent Delta="null" EndDate="2014-11-01 15:06:19.969 EDT" Interest="1.0" Kind="propagation" Navigation="org.eclipse.mylyn.core.model.edges.containment" OriginId="org.eclipse.mylyn.core.model.interest.propagation" StartDate="2014-11-01 15:06:19.969 EDT" StructureHandle="/Minecraft/eclipse/saves/Test World" StructureKind="resource"/><InteractionEvent Delta="null" EndDate="2014-11-01 15:05:31.244 EDT" Interest="1.0" Kind="propagation" Navigation="org.eclipse.mylyn.core.model.edges.containment" OriginId="org.eclipse.mylyn.core.model.interest.propagation" StartDate="2014-11-01 15:05:31.244 EDT" StructureHandle="=Minecraft/src\/main\/java&amp;lt;com.ezreb{Infinite_Diamond.java[Infinite_Diamond" StructureKind="java"/><InteractionEvent Delta="null" EndDate="2014-11-01 15:06:54.333 EDT" Interest="1.0" Kind="propagation" Navigation="org.eclipse.mylyn.core.model.edges.containment" OriginId="org.eclipse.mylyn.core.model.interest.propagation" StartDate="2014-11-01 15:06:54.333 EDT" StructureHandle="/Minecraft/eclipse/saves/Test World/playerdata" StructureKind="resource"/><InteractionEvent Delta="null" EndDate="2014-11-01 15:06:54.328 EDT" Interest="1.0" Kind="propagation" Navigation="null" OriginId="org.eclipse.mylyn.resources.ui.interest.updater" StartDate="2014-11-01 15:06:54.328 EDT" StructureHandle="/Minecraft/eclipse/saves/Test World/stats/5613b4a9-5b8c-3e0b-9915-baa04888ddd5.json" StructureKind="resource"/><InteractionEvent Delta="null" EndDate="2014-11-01 15:05:31.244 EDT" Interest="3.0" Kind="propagation" Navigation="null" OriginId="org.eclipse.jdt.ui.CompilationUnitEditor" StartDate="2014-11-01 15:04:28.738 EDT" StructureHandle="/Minecraft/src/main/java/com/ezreb/Infinite_Diamond.java" StructureKind="resource" NumEvents="3" CreationCount="2"/><InteractionEvent Delta="null" EndDate="2014-11-01 15:07:45.769 EDT" Interest="1.0" Kind="prediction" Navigation="null" OriginId="org.eclipse.mylyn.resources.ui.interest.updater" StartDate="2014-11-01 15:07:45.769 EDT" StructureHandle="/Minecraft/eclipse/logs/latest.log" StructureKind="resource"/><InteractionEvent Delta="null" EndDate="2014-11-01 15:06:19.967 EDT" Interest="1.0" Kind="propagation" Navigation="null" OriginId="org.eclipse.mylyn.resources.ui.interest.updater" StartDate="2014-11-01 15:06:19.967 EDT" StructureHandle="/Minecraft/eclipse/saves/Test World/DIM1/data" StructureKind="resource"/><InteractionEvent Delta="null" EndDate="2014-11-01 15:06:40.97 EDT" Interest="1.0" Kind="prediction" Navigation="null" OriginId="org.eclipse.mylyn.resources.ui.interest.updater" StartDate="2014-11-01 15:06:40.97 EDT" StructureHandle="/Minecraft/eclipse/saves/Test World/session.lock" StructureKind="resource"/><InteractionEvent Delta="null" EndDate="2014-11-01 15:06:36.857 EDT" Interest="1.0" Kind="propagation" Navigation="null" OriginId="org.eclipse.mylyn.resources.ui.interest.updater" StartDate="2014-11-01 15:06:36.857 EDT" StructureHandle="/Minecraft/eclipse/saves/Test World/data/villages.dat" StructureKind="resource"/><InteractionEvent Delta="null" EndDate="2014-11-01 15:05:31.244 EDT" Interest="3.0" Kind="propagation" Navigation="org.eclipse.mylyn.core.model.edges.containment" OriginId="org.eclipse.mylyn.core.model.interest.propagation" StartDate="2014-11-01 15:04:28.738 EDT" StructureHandle="/Minecraft/src/main/java" StructureKind="resource" NumEvents="3" CreationCount="2"/><InteractionEvent Delta="null" EndDate="2014-11-01 15:06:54.328 EDT" Interest="1.0" Kind="propagation" Navigation="null" OriginId="org.eclipse.mylyn.resources.ui.interest.updater" StartDate="2014-11-01 15:06:54.328 EDT" StructureHandle="/Minecraft/eclipse/saves/Test World/playerdata/5613b4a9-5b8c-3e0b-9915-baa04888ddd5.dat" StructureKind="resource"/><InteractionEvent Delta="null" EndDate="2014-11-01 15:07:45.774 EDT" Interest="1.0" Kind="propagation" Navigation="org.eclipse.mylyn.core.model.edges.containment" OriginId="org.eclipse.mylyn.core.model.interest.propagation" StartDate="2014-11-01 15:07:45.774 EDT" StructureHandle="/Minecraft/eclipse/logs" StructureKind="resource"/><InteractionEvent Delta="null" EndDate="2014-11-01 15:07:45.775 EDT" Interest="29.0" Kind="propagation" Navigation="null" OriginId="org.eclipse.mylyn.resources.ui.interest.updater" StartDate="2014-11-01 15:04:24.200 EDT" StructureHandle="/Minecraft" StructureKind="resource" NumEvents="29" CreationCount="1"/><InteractionEvent Delta="null" EndDate="2014-11-01 15:05:31.244 EDT" Interest="3.0" Kind="propagation" Navigation="org.eclipse.mylyn.core.model.edges.containment" OriginId="org.eclipse.mylyn.core.model.interest.propagation" StartDate="2014-11-01 15:04:28.738 EDT" StructureHandle="/Minecraft/src/main" StructureKind="resource" NumEvents="3" CreationCount="2"/><InteractionEvent Delta="null" EndDate="2014-11-01 15:06:19.967 EDT" Interest="1.0" Kind="propagation" Navigation="null" OriginId="org.eclipse.mylyn.resources.ui.interest.updater" StartDate="2014-11-01 15:06:19.967 EDT" StructureHandle="/Minecraft/eclipse/saves/Test World/DIM-1/data" StructureKind="resource"/><InteractionEvent Delta="null" EndDate="2014-11-01 15:06:36.857 EDT" Interest="1.0" Kind="propagation" Navigation="null" OriginId="org.eclipse.mylyn.resources.ui.interest.updater" StartDate="2014-11-01 15:06:36.857 EDT" StructureHandle="/Minecraft/eclipse/saves/Test World/forcedchunks.dat" StructureKind="resource"/><InteractionEvent Delta="null" EndDate="2014-11-01 15:04:28.969 EDT" Interest="2.0" Kind="propagation" Navigation="org.eclipse.mylyn.core.model.edges.containment" OriginId="org.eclipse.mylyn.core.model.interest.propagation" StartDate="2014-11-01 15:04:28.739 EDT" StructureHandle="=Minecraft/src\/main\/java&amp;lt;com.ezreb" StructureKind="java" NumEvents="2" CreationCount="2"/><InteractionEvent Delta="null" EndDate="2014-11-01 15:07:45.774 EDT" Interest="1.0" Kind="prediction" Navigation="null" OriginId="org.eclipse.mylyn.resources.ui.interest.updater" StartDate="2014-11-01 15:07:45.774 EDT" StructureHandle="/Minecraft/eclipse/logs/fml-junk-earlystartup.log" StructureKind="resource"/><InteractionEvent Delta="null" EndDate="2014-11-01 15:06:19.968 EDT" Interest="1.0" Kind="propagation" Navigation="null" OriginId="org.eclipse.mylyn.resources.ui.interest.updater" StartDate="2014-11-01 15:06:19.968 EDT" StructureHandle="/Minecraft/eclipse/saves/Test World/region/r.-1.0.mca" StructureKind="resource"/><InteractionEvent Delta="null" EndDate="2014-11-01 15:06:36.855 EDT" Interest="1.0" Kind="propagation" Navigation="null" OriginId="org.eclipse.mylyn.resources.ui.interest.updater" StartDate="2014-11-01 15:06:36.855 EDT" StructureHandle="/Minecraft/eclipse/saves/Test World/data/Temple.dat" StructureKind="resource"/><InteractionEvent Delta="null" EndDate="2014-11-01 15:05:31.244 EDT" Interest="3.0" Kind="propagation" Navigation="org.eclipse.mylyn.core.model.edges.containment" OriginId="org.eclipse.mylyn.core.model.interest.propagation" StartDate="2014-11-01 15:04:28.738 EDT" StructureHandle="/Minecraft/src/main/java/com/ezreb" StructureKind="resource" NumEvents="3" CreationCount="2"/><InteractionEvent Delta="null" EndDate="2014-11-01 15:06:19.970 EDT" Interest="1.0" Kind="propagation" Navigation="org.eclipse.mylyn.core.model.edges.containment" OriginId="org.eclipse.mylyn.core.model.interest.propagation" StartDate="2014-11-01 15:06:19.970 EDT" StructureHandle="/Minecraft/eclipse/saves/Test World/region" StructureKind="resource"/><InteractionEvent Delta="null" EndDate="2014-11-01 15:06:36.855 EDT" Interest="1.0" Kind="propagation" Navigation="null" OriginId="org.eclipse.mylyn.resources.ui.interest.updater" StartDate="2014-11-01 15:06:36.855 EDT" StructureHandle="/Minecraft/eclipse/saves/Test World/DIM1/data/villages.dat" StructureKind="resource"/><InteractionEvent Delta="null" EndDate="2014-11-01 15:06:36.856 EDT" Interest="1.0" Kind="propagation" Navigation="null" OriginId="org.eclipse.mylyn.resources.ui.interest.updater" StartDate="2014-11-01 15:06:36.856 EDT" StructureHandle="/Minecraft/eclipse/saves/Test World/DIM-1/forcedchunks.dat" StructureKind="resource"/><InteractionEvent Delta="null" EndDate="2014-11-01 15:05:31.243 EDT" Interest="1.0" Kind="selection" Navigation="null" OriginId="org.eclipse.jdt.ui.CompilationUnitEditor" StartDate="2014-11-01 15:05:31.243 EDT" StructureHandle="=Minecraft/src\/main\/java&amp;lt;com.ezreb{Infinite_Diamond.java[Infinite_Diamond~init~QFMLInitializationEvent;" StructureKind="java"/></InteractionHistory>