<?xml version="1.0" encoding="UTF-8"?><InteractionHistory Id="local-9" Version="1"><InteractionEvent Delta="null" EndDate="2014-11-01 17:15:05.481 EDT" Interest="2.0" Kind="selection" Navigation="null" OriginId="org.eclipse.jdt.ui.CompilationUnitEditor" StartDate="2014-11-01 17:15:05.211 EDT" StructureHandle="=Minecraft/src\/main\/java&amp;lt;com.ezreb{Infinite_Diamond.java" StructureKind="java" NumEvents="2" CreationCount="25"/><InteractionEvent Delta="null" EndDate="2014-11-01 17:09:32.876 EDT" Interest="0.7" Kind="propagation" Navigation="org.eclipse.mylyn.core.model.edges.containment" OriginId="org.eclipse.mylyn.core.model.interest.propagation" StartDate="2014-11-01 17:09:32.876 EDT" StructureHandle="=Minecraft/src\/main\/resources" StructureKind="java"/><InteractionEvent Delta="null" EndDate="2014-11-01 17:15:28.385 EDT" Interest="1.0" Kind="propagation" Navigation="org.eclipse.mylyn.core.model.edges.containment" OriginId="org.eclipse.mylyn.core.model.interest.propagation" StartDate="2014-11-01 17:15:28.385 EDT" StructureHandle="/Minecraft/eclipse/logs" StructureKind="resource"/><InteractionEvent Delta="null" EndDate="2014-11-01 17:13:13.903 EDT" Interest="10.768" Kind="propagation" Navigation="org.eclipse.mylyn.core.model.edges.containment" OriginId="org.eclipse.mylyn.core.model.interest.propagation" StartDate="2014-11-01 17:11:25.69 EDT" StructureHandle="=Minecraft/src\/main\/java" StructureKind="java" NumEvents="15" CreationCount="2"/><InteractionEvent Delta="null" EndDate="2014-11-01 17:15:18.637 EDT" Interest="5.0" Kind="propagation" Navigation="null" OriginId="org.eclipse.jdt.ui.CompilationUnitEditor" StartDate="2014-11-01 17:14:46.309 EDT" StructureHandle="/Minecraft/src/main/java/com/ezreb/SuperDiamondShard.java" StructureKind="resource" NumEvents="5" CreationCount="22"/><InteractionEvent Delta="null" EndDate="2014-11-01 17:15:18.639 EDT" Interest="28.0" Kind="propagation" Navigation="org.eclipse.mylyn.core.model.edges.containment" OriginId="org.eclipse.mylyn.core.model.interest.propagation" StartDate="2014-11-01 17:11:25.68 EDT" StructureHandle="/Minecraft/src/main/java/com" StructureKind="resource" NumEvents="28" CreationCount="2"/><InteractionEvent Delta="null" EndDate="2014-11-01 17:15:28.385 EDT" Interest="1.0" Kind="propagation" Navigation="org.eclipse.mylyn.core.model.edges.containment" OriginId="org.eclipse.mylyn.core.model.interest.propagation" StartDate="2014-11-01 17:15:28.385 EDT" StructureHandle="/Minecraft/eclipse" StructureKind="resource"/><InteractionEvent Delta="null" EndDate="2014-11-01 17:09:32.876 EDT" Interest="1.0" Kind="propagation" Navigation="null" OriginId="org.eclipse.ui.DefaultTextEditor" StartDate="2014-11-01 17:09:32.876 EDT" StructureHandle="/Minecraft/src/main/resources" StructureKind="resource"/><InteractionEvent Delta="null" EndDate="2014-11-01 17:15:18.542 EDT" Interest="2.0" Kind="selection" Navigation="null" OriginId="org.eclipse.jdt.ui.CompilationUnitEditor" StartDate="2014-11-01 17:14:48.725 EDT" StructureHandle="=Minecraft/src\/main\/java&amp;lt;com.ezreb{SuperDiamondShard.java[SuperDiamondShard~SuperDiamondShard~I~QCreativeTabs;" StructureKind="java" NumEvents="2" CreationCount="24"/><InteractionEvent Delta="null" EndDate="2014-11-01 17:13:13.902 EDT" Interest="20.0" Kind="propagation" Navigation="null" OriginId="org.eclipse.jdt.ui.CompilationUnitEditor" StartDate="2014-11-01 17:12:13.417 EDT" StructureHandle="/Minecraft/src/main/java/com/ezreb/SuperDiamondBlock.java" StructureKind="resource" NumEvents="20" CreationCount="2"/><InteractionEvent Delta="null" EndDate="2014-11-01 17:15:18.638 EDT" Interest="27.017" Kind="propagation" Navigation="org.eclipse.mylyn.core.model.edges.containment" OriginId="org.eclipse.mylyn.core.model.interest.propagation" StartDate="2014-11-01 17:09:32.876 EDT" StructureHandle="/Minecraft/src/main" StructureKind="resource" NumEvents="29" CreationCount="1"/><InteractionEvent Delta="null" EndDate="2014-11-01 17:15:18.542 EDT" Interest="2.0" Kind="propagation" Navigation="org.eclipse.mylyn.core.model.edges.containment" OriginId="org.eclipse.mylyn.core.model.interest.propagation" StartDate="2014-11-01 17:14:48.726 EDT" StructureHandle="=Minecraft/src\/main\/java&amp;lt;com.ezreb{SuperDiamondShard.java[SuperDiamondShard" StructureKind="java" NumEvents="2" CreationCount="24"/><InteractionEvent Delta="null" EndDate="2014-11-01 17:15:05.481 EDT" Interest="2.0" Kind="propagation" Navigation="null" OriginId="org.eclipse.jdt.ui.CompilationUnitEditor" StartDate="2014-11-01 17:15:05.215 EDT" StructureHandle="/Minecraft/src/main/java/com/ezreb/Infinite_Diamond.java" StructureKind="resource" NumEvents="2" CreationCount="25"/><InteractionEvent Delta="null" EndDate="2014-11-01 17:15:18.638 EDT" Interest="27.017" Kind="propagation" Navigation="org.eclipse.mylyn.core.model.edges.containment" OriginId="org.eclipse.mylyn.core.model.interest.propagation" StartDate="2014-11-01 17:09:32.877 EDT" StructureHandle="/Minecraft/src" StructureKind="resource" NumEvents="28" CreationCount="1"/><InteractionEvent Delta="null" EndDate="2014-11-01 17:15:18.638 EDT" Interest="27.017" Kind="propagation" Navigation="org.eclipse.mylyn.core.model.edges.containment" OriginId="org.eclipse.mylyn.core.model.interest.propagation" StartDate="2014-11-01 17:09:32.877 EDT" StructureHandle="/" StructureKind="resource" NumEvents="28" CreationCount="1"/><InteractionEvent Delta="null" EndDate="2014-11-01 17:11:25.68 EDT" Interest="1.0" Kind="selection" Navigation="null" OriginId="org.eclipse.jdt.ui.PackageExplorer" StartDate="2014-11-01 17:11:25.68 EDT" StructureHandle="=Minecraft/src\/main\/java&amp;lt;com.ezreb" StructureKind="java"/><InteractionEvent Delta="null" EndDate="2014-11-01 17:13:13.903 EDT" Interest="9.768" Kind="propagation" Navigation="org.eclipse.mylyn.core.model.edges.containment" OriginId="org.eclipse.mylyn.core.model.interest.propagation" StartDate="2014-11-01 17:12:13.546 EDT" StructureHandle="=Minecraft/src\/main\/java&amp;lt;com.ezreb" StructureKind="java" NumEvents="14" CreationCount="2"/><InteractionEvent Delta="null" EndDate="2014-11-01 17:15:18.638 EDT" Interest="27.017" Kind="propagation" Navigation="org.eclipse.mylyn.core.model.edges.containment" OriginId="org.eclipse.mylyn.core.model.interest.propagation" StartDate="2014-11-01 17:09:32.877 EDT" StructureHandle="=Minecraft" StructureKind="resource" NumEvents="29" CreationCount="1"/><InteractionEvent Delta="null" EndDate="2014-11-01 17:15:28.385 EDT" Interest="1.0" Kind="prediction" Navigation="null" OriginId="org.eclipse.mylyn.resources.ui.interest.updater" StartDate="2014-11-01 17:15:28.385 EDT" StructureHandle="/Minecraft/eclipse/logs/fml-client-latest.log" StructureKind="resource"/><InteractionEvent Delta="null" EndDate="2014-11-01 17:09:32.874 EDT" Interest="1.0" Kind="edit" Navigation="null" OriginId="org.eclipse.ui.DefaultTextEditor" StartDate="2014-11-01 17:09:32.874 EDT" StructureHandle="/Minecraft/src/main/resources/mcmod.info" StructureKind="resource"/><InteractionEvent Delta="null" EndDate="2014-11-01 17:15:18.638 EDT" Interest="28.0" Kind="propagation" Navigation="null" OriginId="org.eclipse.jdt.ui.CompilationUnitEditor" StartDate="2014-11-01 17:11:25.68 EDT" StructureHandle="/Minecraft/src/main/java/com/ezreb" StructureKind="resource" NumEvents="28" CreationCount="2"/><InteractionEvent Delta="null" EndDate="2014-11-01 17:12:18.524 EDT" Interest="1.0" Kind="selection" Navigation="null" OriginId="org.eclipse.jdt.ui.CompilationUnitEditor" StartDate="2014-11-01 17:12:18.524 EDT" StructureHandle="=Minecraft/src\/main\/java&amp;lt;com.ezreb{SuperDiamondBlock.java[SuperDiamondBlock" StructureKind="java"/><InteractionEvent Delta="null" EndDate="2014-11-01 17:13:13.902 EDT" Interest="9.717" Kind="propagation" Navigation="org.eclipse.mylyn.core.model.edges.containment" OriginId="org.eclipse.mylyn.core.model.interest.propagation" StartDate="2014-11-01 17:12:25.239 EDT" StructureHandle="=Minecraft/src\/main\/java&amp;lt;com.ezreb{SuperDiamondBlock.java[SuperDiamondBlock" StructureKind="java" NumEvents="14" CreationCount="5"/><InteractionEvent Delta="null" EndDate="2014-11-01 17:15:18.639 EDT" Interest="28.0" Kind="propagation" Navigation="org.eclipse.mylyn.core.model.edges.containment" OriginId="org.eclipse.mylyn.core.model.interest.propagation" StartDate="2014-11-01 17:11:25.69 EDT" StructureHandle="/Minecraft/src/main/java" StructureKind="resource" NumEvents="28" CreationCount="2"/><InteractionEvent Delta="null" EndDate="2014-11-01 17:15:18.636 EDT" Interest="3.0" Kind="selection" Navigation="null" OriginId="org.eclipse.jdt.ui.CompilationUnitEditor" StartDate="2014-11-01 17:14:46.309 EDT" StructureHandle="=Minecraft/src\/main\/java&amp;lt;com.ezreb{SuperDiamondShard.java" StructureKind="java" NumEvents="3" CreationCount="22"/><InteractionEvent Delta="null" EndDate="2014-11-01 17:15:18.543 EDT" Interest="0.03400004" Kind="propagation" Navigation="org.eclipse.mylyn.core.model.edges.containment" OriginId="org.eclipse.mylyn.core.model.interest.propagation" StartDate="2014-11-01 17:15:18.543 EDT" StructureHandle="=Minecraft/src\/main\/java&amp;lt;com.ezreb{SuperDiamondShard.java" StructureKind="java"/></InteractionHistory>