<?xml version="1.0" encoding="UTF-8" standalone="no"?><TaskList Version="2.0"><Task Active="false" ConnectorKind="local" CreationDate="2014-11-01 14:45:42.294 -0400" DueDate="" EndDate="" Estimated="0" Handle="local-1" IssueURL="" Kind="task" Label="Add Textures to SD Parts" LastModified="now" MarkReadPending="false" ModificationDate="" Notes="I needs to make the textures." NotifiedIncoming="true" Owner="local" Priority="P3" Reminded="false" RepositoryUrl="local" ScheduledEndDate="2014-11-01 23:59:59.999 -0400" ScheduledStartDate="2014-10-26 00:00:00.0 -0400" Stale="false" TaskId="1" offlineSyncState="SYNCHRONIZED"/><Task Active="false" ConnectorKind="local" CreationDate="2014-11-01 15:32:34.807 -0400" DueDate="" EndDate="2014-11-01 15:39:01.794 -0400" Estimated="0" Handle="local-12" IssueURL="" Kind="task" Label="Add a .lang entry for itemGroup.infiniteDiamondLXXXII" LastModified="now" MarkReadPending="false" ModificationDate="" Notes="" NotifiedIncoming="true" Owner="local" Priority="P3" Reminded="false" RepositoryUrl="local" ScheduledEndDate="2014-11-01 23:59:59.999 -0400" ScheduledStartDate="2014-10-26 00:00:00.0 -0400" Stale="false" TaskId="12" offlineSyncState="SYNCHRONIZED"/><Task Active="false" ConnectorKind="local" CreationDate="2014-11-01 15:32:24.792 -0400" DueDate="" EndDate="2014-11-01 15:33:31.479 -0400" Estimated="0" Handle="local-11" IssueURL="" Kind="task" Label="Add Item to tab" LastModified="now" MarkReadPending="false" ModificationDate="" Notes="" NotifiedIncoming="true" Owner="local" Priority="P3" Reminded="false" RepositoryUrl="local" ScheduledEndDate="2014-11-01 23:59:59.999 -0400" ScheduledStartDate="2014-10-26 00:00:00.0 -0400" Stale="false" TaskId="11" offlineSyncState="SYNCHRONIZED"/><Task Active="false" ConnectorKind="local" CreationDate="2014-11-01 15:32:13.527 -0400" DueDate="" EndDate="2014-11-01 15:33:28.329 -0400" Estimated="0" Handle="local-10" IssueURL="" Kind="task" Label="Add tab" LastModified="now" MarkReadPending="false" ModificationDate="" Notes="" NotifiedIncoming="true" Owner="local" Priority="P3" Reminded="false" RepositoryUrl="local" ScheduledEndDate="2014-11-01 23:59:59.999 -0400" ScheduledStartDate="2014-10-26 00:00:00.0 -0400" Stale="false" TaskId="10" offlineSyncState="SYNCHRONIZED"><SubTask Handle="local-11"/><SubTask Handle="local-12"/><SubTask Handle="local-13"/></Task><Task Active="false" ConnectorKind="local" CreationDate="2014-11-01 15:16:55.441 -0400" DueDate="" EndDate="" Estimated="0" Handle="local-9" IssueURL="" Kind="task" Label="Create a custom tileentity for some crafting." LastModified="now" MarkReadPending="false" ModificationDate="" Notes="" NotifiedIncoming="true" Owner="local" Priority="P3" Reminded="false" RepositoryUrl="local" ScheduledEndDate="2014-11-08 23:59:59.999 -0500" ScheduledStartDate="2014-11-02 00:00:00.0 -0400" Stale="false" TaskId="9" offlineSyncState="SYNCHRONIZED"/><Task Active="false" ConnectorKind="local" CreationDate="2014-11-01 14:55:32.932 -0400" DueDate="" EndDate="2014-11-01 15:07:50.294 -0400" Estimated="0" Handle="local-8" IssueURL="" Kind="task" Label="Fix 4 diamond parts = 1 raw diamond" LastModified="now" MarkReadPending="false" ModificationDate="" Notes="" NotifiedIncoming="true" Owner="local" Priority="P3" Reminded="false" RepositoryUrl="local" Stale="false" TaskId="8" offlineSyncState="SYNCHRONIZED"/><Task Active="false" ConnectorKind="local" CreationDate="2014-11-01 14:53:29.171 -0400" DueDate="" EndDate="" Estimated="0" Handle="local-7" IssueURL="" Kind="task" Label="Fix 4 cooled chips = 1 shard" LastModified="now" MarkReadPending="false" ModificationDate="" Notes="" NotifiedIncoming="true" Owner="local" Priority="P3" Reminded="false" RepositoryUrl="local" ScheduledEndDate="2014-11-02 23:59:59.999 -0500" ScheduledStartDate="2014-11-02 00:00:00.0 -0400" Stale="false" TaskId="7" offlineSyncState="SYNCHRONIZED"/><Task Active="false" ConnectorKind="local" CreationDate="2014-11-01 14:52:27.22 -0400" DueDate="" EndDate="" Estimated="0" Handle="local-6" IssueURL="" Kind="task" Label="Change the process" LastModified="now" MarkReadPending="false" ModificationDate="" Notes="I would like to change the process so that you have to wait for things to cool off." NotifiedIncoming="true" Owner="local" Priority="P3" Reminded="false" RepositoryUrl="local" ScheduledEndDate="2014-11-01 23:59:59.999 -0400" ScheduledStartDate="2014-10-26 00:00:00.0 -0400" Stale="false" TaskId="6" offlineSyncState="SYNCHRONIZED"/><Task Active="false" ConnectorKind="local" CreationDate="2014-11-01 15:33:10.276 -0400" DueDate="" EndDate="2014-11-01 15:48:49.943 -0400" Estimated="0" Handle="local-13" IssueURL="" Kind="task" Label="Add items to tab" LastModified="now" MarkReadPending="false" ModificationDate="" Notes="" NotifiedIncoming="true" Owner="local" Priority="P3" Reminded="false" RepositoryUrl="local" ScheduledEndDate="2014-11-01 23:59:59.999 -0400" ScheduledStartDate="2014-10-26 00:00:00.0 -0400" Stale="false" TaskId="13" offlineSyncState="SYNCHRONIZED"/><TaskCategory Handle="handle-4" Name="Bugs"><TaskReference Handle="local-7"/><TaskReference Handle="local-8"/></TaskCategory><TaskCategory Handle="handle-3" Name="Features"><TaskReference Handle="local-10"/></TaskCategory><TaskCategory Handle="handle-2" Name="Mechanics"><TaskReference Handle="local-6"/><TaskReference Handle="local-9"/></TaskCategory><TaskCategory Handle="handle-1" Name="Textures"><TaskReference Handle="local-1"/></TaskCategory><TaskCategory Handle="Uncategorized" Name="Uncategorized"/></TaskList>