<?xml version="1.0" encoding="UTF-8"?><InteractionHistory Id="local-12" Version="1"><InteractionEvent Delta="null" EndDate="2014-11-01 15:38:26.165 EDT" Interest="27.017" Kind="propagation" Navigation="org.eclipse.mylyn.core.model.edges.containment" OriginId="org.eclipse.mylyn.core.model.interest.propagation" StartDate="2014-11-01 15:33:41.906 EDT" StructureHandle="" StructureKind="java" NumEvents="28" CreationCount="1"/><InteractionEvent Delta="null" EndDate="2014-11-01 15:37:17.171 EDT" Interest="1.051" Kind="propagation" Navigation="org.eclipse.mylyn.core.model.edges.containment" OriginId="org.eclipse.mylyn.core.model.interest.propagation" StartDate="2014-11-01 15:36:09.98 EDT" StructureHandle="/Minecraft/eclipse/saves" StructureKind="resource" NumEvents="2" CreationCount="23"/><InteractionEvent Delta="null" EndDate="2014-11-01 15:37:17.171 EDT" Interest="1.0" Kind="propagation" Navigation="org.eclipse.mylyn.core.model.edges.containment" OriginId="org.eclipse.mylyn.core.model.interest.propagation" StartDate="2014-11-01 15:37:17.171 EDT" StructureHandle="/Minecraft/eclipse/saves/Test World/playerdata" StructureKind="resource"/><InteractionEvent Delta="null" EndDate="2014-11-01 15:38:26.164 EDT" Interest="27.0" Kind="propagation" Navigation="org.eclipse.mylyn.core.model.edges.containment" OriginId="org.eclipse.mylyn.core.model.interest.propagation" StartDate="2014-11-01 15:33:55.782 EDT" StructureHandle="/Minecraft/src/main/resources/assets/assets" StructureKind="resource" NumEvents="27" CreationCount="2"/><InteractionEvent Delta="null" EndDate="2014-11-01 15:39:01.35 EDT" Interest="1.085" Kind="propagation" Navigation="org.eclipse.mylyn.core.model.edges.containment" OriginId="org.eclipse.mylyn.core.model.interest.propagation" StartDate="2014-11-01 15:35:28.967 EDT" StructureHandle="/Minecraft/eclipse" StructureKind="resource" NumEvents="3" CreationCount="23"/><InteractionEvent Delta="null" EndDate="2014-11-01 15:38:26.164 EDT" Interest="27.0" Kind="propagation" Navigation="org.eclipse.mylyn.core.model.edges.containment" OriginId="org.eclipse.mylyn.core.model.interest.propagation" StartDate="2014-11-01 15:33:55.782 EDT" StructureHandle="/Minecraft/src/main/resources" StructureKind="resource" NumEvents="27" CreationCount="2"/><InteractionEvent Delta="null" EndDate="2014-11-01 15:35:28.968 EDT" Interest="1.0" Kind="propagation" Navigation="null" OriginId="org.eclipse.mylyn.resources.ui.interest.updater" StartDate="2014-11-01 15:35:28.968 EDT" StructureHandle="/Minecraft/eclipse/logs/fml-client-2.log" StructureKind="resource"/><InteractionEvent Delta="null" EndDate="2014-11-01 15:37:17.168 EDT" Interest="1.0" Kind="prediction" Navigation="null" OriginId="org.eclipse.mylyn.resources.ui.interest.updater" StartDate="2014-11-01 15:37:17.168 EDT" StructureHandle="/Minecraft/eclipse/saves/Test World/DIM1/forcedchunks.dat" StructureKind="resource"/><InteractionEvent Delta="null" EndDate="2014-11-01 15:35:35.268 EDT" Interest="1.0" Kind="prediction" Navigation="null" OriginId="org.eclipse.mylyn.resources.ui.interest.updater" StartDate="2014-11-01 15:35:35.268 EDT" StructureHandle="/Minecraft/eclipse/logs/latest.log" StructureKind="resource"/><InteractionEvent Delta="null" EndDate="2014-11-01 15:35:35.270 EDT" Interest="1.0" Kind="propagation" Navigation="null" OriginId="org.eclipse.mylyn.resources.ui.interest.updater" StartDate="2014-11-01 15:35:35.270 EDT" StructureHandle="/Minecraft/eclipse/logs/2014-11-01-2.log.gz" StructureKind="resource"/><InteractionEvent Delta="null" EndDate="2014-11-01 15:38:26.164 EDT" Interest="26.017" Kind="propagation" Navigation="org.eclipse.mylyn.core.model.edges.containment" OriginId="org.eclipse.mylyn.core.model.interest.propagation" StartDate="2014-11-01 15:33:55.782 EDT" StructureHandle="=Minecraft" StructureKind="resource" NumEvents="27" CreationCount="1"/><InteractionEvent Delta="null" EndDate="2014-11-01 15:33:41.906 EDT" Interest="1.0" Kind="selection" Navigation="null" OriginId="org.eclipse.jdt.ui.PackageExplorer" StartDate="2014-11-01 15:33:41.906 EDT" StructureHandle="=Minecraft" StructureKind="java"/><InteractionEvent Delta="null" EndDate="2014-11-01 15:37:17.172 EDT" Interest="1.0" Kind="propagation" Navigation="org.eclipse.mylyn.core.model.edges.containment" OriginId="org.eclipse.mylyn.core.model.interest.propagation" StartDate="2014-11-01 15:37:17.172 EDT" StructureHandle="/Minecraft/eclipse/saves/Test World/stats" StructureKind="resource"/><InteractionEvent Delta="null" EndDate="2014-11-01 15:36:09.97 EDT" Interest="1.0" Kind="prediction" Navigation="null" OriginId="org.eclipse.mylyn.resources.ui.interest.updater" StartDate="2014-11-01 15:36:09.97 EDT" StructureHandle="/Minecraft/eclipse/saves/Test World/session.lock" StructureKind="resource"/><InteractionEvent Delta="null" EndDate="2014-11-01 15:37:17.170 EDT" Interest="1.0" Kind="propagation" Navigation="org.eclipse.mylyn.core.model.edges.containment" OriginId="org.eclipse.mylyn.core.model.interest.propagation" StartDate="2014-11-01 15:37:17.170 EDT" StructureHandle="/Minecraft/eclipse/saves/Test World/DIM-1" StructureKind="resource"/><InteractionEvent Delta="null" EndDate="2014-11-01 15:38:26.164 EDT" Interest="27.0" Kind="propagation" Navigation="null" OriginId="org.eclipse.ui.DefaultTextEditor" StartDate="2014-11-01 15:33:55.782 EDT" StructureHandle="/Minecraft/src/main/resources/assets/assets/infinitediamonds/lang" StructureKind="resource" NumEvents="27" CreationCount="2"/><InteractionEvent Delta="null" EndDate="2014-11-01 15:39:01.35 EDT" Interest="1.085" Kind="propagation" Navigation="org.eclipse.mylyn.core.model.edges.containment" OriginId="org.eclipse.mylyn.core.model.interest.propagation" StartDate="2014-11-01 15:35:28.967 EDT" StructureHandle="/Minecraft/eclipse/logs" StructureKind="resource" NumEvents="2" CreationCount="23"/><InteractionEvent Delta="null" EndDate="2014-11-01 15:37:17.171 EDT" Interest="1.0" Kind="propagation" Navigation="org.eclipse.mylyn.core.model.edges.containment" OriginId="org.eclipse.mylyn.core.model.interest.propagation" StartDate="2014-11-01 15:37:17.171 EDT" StructureHandle="/Minecraft/eclipse/saves/Test World/DIM1" StructureKind="resource"/><InteractionEvent Delta="null" EndDate="2014-11-01 15:39:01.35 EDT" Interest="42.0" Kind="propagation" Navigation="null" OriginId="org.eclipse.mylyn.resources.ui.interest.updater" StartDate="2014-11-01 15:33:41.906 EDT" StructureHandle="/Minecraft" StructureKind="resource" NumEvents="42" CreationCount="1"/><InteractionEvent Delta="null" EndDate="2014-11-01 15:38:26.164 EDT" Interest="27.0" Kind="propagation" Navigation="org.eclipse.mylyn.core.model.edges.containment" OriginId="org.eclipse.mylyn.core.model.interest.propagation" StartDate="2014-11-01 15:33:55.782 EDT" StructureHandle="/Minecraft/src/main/resources/assets/assets/infinitediamonds" StructureKind="resource" NumEvents="27" CreationCount="2"/><InteractionEvent Delta="null" EndDate="2014-11-01 15:38:26.164 EDT" Interest="27.0" Kind="propagation" Navigation="org.eclipse.mylyn.core.model.edges.containment" OriginId="org.eclipse.mylyn.core.model.interest.propagation" StartDate="2014-11-01 15:33:55.782 EDT" StructureHandle="/Minecraft/src/main/resources/assets" StructureKind="resource" NumEvents="27" CreationCount="2"/><InteractionEvent Delta="null" EndDate="2014-11-01 15:37:17.170 EDT" Interest="1.0" Kind="prediction" Navigation="null" OriginId="org.eclipse.mylyn.resources.ui.interest.updater" StartDate="2014-11-01 15:37:17.170 EDT" StructureHandle="/Minecraft/eclipse/saves/Test World/level.dat" StructureKind="resource"/><InteractionEvent Delta="null" EndDate="2014-11-01 15:36:17.594 EDT" Interest="1.0" Kind="prediction" Navigation="null" OriginId="org.eclipse.mylyn.resources.ui.interest.updater" StartDate="2014-11-01 15:36:17.594 EDT" StructureHandle="/Minecraft/eclipse/options.txt" StructureKind="resource"/><InteractionEvent Delta="null" EndDate="2014-11-01 15:37:17.170 EDT" Interest="1.0" Kind="prediction" Navigation="null" OriginId="org.eclipse.mylyn.resources.ui.interest.updater" StartDate="2014-11-01 15:37:17.170 EDT" StructureHandle="/Minecraft/eclipse/saves/Test World/level.dat_old" StructureKind="resource"/><InteractionEvent Delta="null" EndDate="2014-11-01 15:38:26.164 EDT" Interest="27.0" Kind="propagation" Navigation="org.eclipse.mylyn.core.model.edges.containment" OriginId="org.eclipse.mylyn.core.model.interest.propagation" StartDate="2014-11-01 15:33:55.782 EDT" StructureHandle="/Minecraft/src/main" StructureKind="resource" NumEvents="27" CreationCount="2"/><InteractionEvent Delta="null" EndDate="2014-11-01 15:38:26.164 EDT" Interest="20.1" Kind="propagation" Navigation="org.eclipse.mylyn.core.model.edges.containment" OriginId="org.eclipse.mylyn.core.model.interest.propagation" StartDate="2014-11-01 15:33:55.782 EDT" StructureHandle="=Minecraft/src\/main\/resources\/assets" StructureKind="java" NumEvents="27" CreationCount="2"/><InteractionEvent Delta="null" EndDate="2014-11-01 15:38:26.164 EDT" Interest="27.0" Kind="propagation" Navigation="org.eclipse.mylyn.core.model.edges.containment" OriginId="org.eclipse.mylyn.core.model.interest.propagation" StartDate="2014-11-01 15:33:55.782 EDT" StructureHandle="/Minecraft/src" StructureKind="resource" NumEvents="27" CreationCount="2"/><InteractionEvent Delta="null" EndDate="2014-11-01 15:37:17.169 EDT" Interest="1.0" Kind="prediction" Navigation="null" OriginId="org.eclipse.mylyn.resources.ui.interest.updater" StartDate="2014-11-01 15:37:17.169 EDT" StructureHandle="/Minecraft/eclipse/saves/Test World/forcedchunks.dat" StructureKind="resource"/><InteractionEvent Delta="null" EndDate="2014-11-01 15:39:01.35 EDT" Interest="42.0" Kind="propagation" Navigation="org.eclipse.mylyn.core.model.edges.containment" OriginId="org.eclipse.mylyn.core.model.interest.propagation" StartDate="2014-11-01 15:33:41.906 EDT" StructureHandle="/" StructureKind="resource" NumEvents="42" CreationCount="1"/><InteractionEvent Delta="null" EndDate="2014-11-01 15:35:28.967 EDT" Interest="1.0" Kind="prediction" Navigation="null" OriginId="org.eclipse.mylyn.resources.ui.interest.updater" StartDate="2014-11-01 15:35:28.967 EDT" StructureHandle="/Minecraft/eclipse/logs/fml-client-latest.log" StructureKind="resource"/><InteractionEvent Delta="null" EndDate="2014-11-01 15:39:01.35 EDT" Interest="1.0" Kind="prediction" Navigation="null" OriginId="org.eclipse.mylyn.resources.ui.interest.updater" StartDate="2014-11-01 15:39:01.35 EDT" StructureHandle="/Minecraft/eclipse/logs/fml-junk-earlystartup.log" StructureKind="resource"/><InteractionEvent Delta="null" EndDate="2014-11-01 15:37:17.169 EDT" Interest="1.0" Kind="prediction" Navigation="null" OriginId="org.eclipse.mylyn.resources.ui.interest.updater" StartDate="2014-11-01 15:37:17.169 EDT" StructureHandle="/Minecraft/eclipse/saves/Test World/playerdata/494e218c-ed3e-3c18-87a9-972128e58cab.dat" StructureKind="resource"/><InteractionEvent Delta="null" EndDate="2014-11-01 15:37:17.170 EDT" Interest="1.051" Kind="propagation" Navigation="org.eclipse.mylyn.core.model.edges.containment" OriginId="org.eclipse.mylyn.core.model.interest.propagation" StartDate="2014-11-01 15:36:09.97 EDT" StructureHandle="/Minecraft/eclipse/saves/Test World" StructureKind="resource" NumEvents="2" CreationCount="23"/><InteractionEvent Delta="null" EndDate="2014-11-01 15:37:17.166 EDT" Interest="1.0" Kind="prediction" Navigation="null" OriginId="org.eclipse.mylyn.resources.ui.interest.updater" StartDate="2014-11-01 15:37:17.166 EDT" StructureHandle="/Minecraft/eclipse/saves/Test World/DIM-1/forcedchunks.dat" StructureKind="resource"/><InteractionEvent Delta="null" EndDate="2014-11-01 15:38:26.164 EDT" Interest="20.1" Kind="propagation" Navigation="org.eclipse.mylyn.core.model.edges.containment" OriginId="org.eclipse.mylyn.core.model.interest.propagation" StartDate="2014-11-01 15:33:55.782 EDT" StructureHandle="=Minecraft/src\/main\/resources\/assets&amp;lt;assets.infinitediamonds.lang" StructureKind="java" NumEvents="27" CreationCount="2"/><InteractionEvent Delta="null" EndDate="2014-11-01 15:37:17.170 EDT" Interest="1.0" Kind="prediction" Navigation="null" OriginId="org.eclipse.mylyn.resources.ui.interest.updater" StartDate="2014-11-01 15:37:17.170 EDT" StructureHandle="/Minecraft/eclipse/saves/Test World/stats/494e218c-ed3e-3c18-87a9-972128e58cab.json" StructureKind="resource"/><InteractionEvent Delta="null" EndDate="2014-11-01 15:38:26.163 EDT" Interest="23.0" Kind="edit" Navigation="null" OriginId="org.eclipse.ui.DefaultTextEditor" StartDate="2014-11-01 15:34:11.391 EDT" StructureHandle="/Minecraft/src/main/resources/assets/assets/infinitediamonds/lang/en_US.lang" StructureKind="resource" NumEvents="23" CreationCount="2"/><InteractionEvent Delta="null" EndDate="2014-11-01 15:34:41.706 EDT" Interest="4.0" Kind="selection" Navigation="null" OriginId="org.eclipse.ui.DefaultTextEditor" StartDate="2014-11-01 15:33:55.780 EDT" StructureHandle="/Minecraft/src/main/resources/assets/assets/infinitediamonds/lang/en_US.lang" StructureKind="resource" NumEvents="4" CreationCount="2"/></InteractionHistory>